{
  "naive": {
    "waits": [
      19.983393907622368,
      90.0,
      4.216520758058297,
      90.0,
      16.021150204053527,
      0.7773883963390078,
      7.986144138427635,
      4.073258593226073,
      36.72539945090147,
      90.0
    ],
    "avg_wait": 37.06018255909951,
    "cost": 27600,
    "n_staff": 6
  },
  "greedy": {
    "waits": [
      90.0,
      90.0,
      4.216520758058297,
      3.9171463381835085,
      3.0639336665912005,
      0.1986630367773538,
      2.146694742889805,
      4.073258593226073,
      36.72539945090147,
      90.0
    ],
    "avg_wait": 34.878968826648126,
    "cost": 32150,
    "n_staff": 8
  },
  "ilp": {
    "waits": [
      90.0,
      90.0,
      4.216520758058297,
      3.9171463381835085,
      3.0639336665912005,
      3.1898879328335505,
      7.986144138427635,
      4.073258593226073,
      36.72539945090147,
      7.838798931284004
    ],
    "avg_wait": 30.132512493893202,
    "cost": 28650,
    "n_staff": 10
  }
}